CREATE TABLE BANK (
    BANK_ID INT PRIMARY KEY,
    BANK_NAME VARCHAR(255) NOT NULL,
    HEADQUARTERS VARCHAR(255),
    PHONE_NUMBER INT UNIQUE 
);

INSERT INTO BANK (BANK_ID, BANK_NAME, HEADQUARTERS, PHONE_NUMBER)
VALUES (3, 'td', 'hoboken', 1234561234);
INSERT INTO BANK (BANK_ID, BANK_NAME, HEADQUARTERS, PHONE_NUMBER)
VALUES (4, 'Bank of America', 'South Carolina', 1234543210);
INSERT INTO BANK (BANK_ID, BANK_NAME, HEADQUARTERS, PHONE_NUMBER)
VALUES (2, 'Bank of America', 'North Carolina', 9876543210);
INSERT INTO BANK (BANK_ID, BANK_NAME, HEADQUARTERS, PHONE_NUMBER)
VALUES (1, 'Chase', 'New Jersey', 1234567890);
INSERT INTO BANK (BANK_ID, BANK_NAME, HEADQUARTERS, PHONE_NUMBER)
VALUES (5, 'td', 'South Carolina', 0798543210);

SELECT * FROM BANK;


/*CREATE TABLE CUSTOMER (
    CUST_ID       INT,
    C_SSN INT NOT NULL PRIMARY KEY,
    SEX           VARCHAR(255),
    ACC_OPEN_DATE DATE,
    AGE           INT,
    ACC_NUMBER    INT,
    DOB           DATE,
    FNAME         VARCHAR(255),
    MNAME         VARCHAR(255),
    LNAME         VARCHAR(255),
    PHONE_NUMBER  INT ,
    ROUTE_NUMBER  INT,
    ADDRESS_CITY  VARCHAR(255),
    ADDRESS_STATE VARCHAR(255),
    ADDRESS_STREET VARCHAR(800),
    ZIP_CODE VARCHAR(250)
);

INSERT INTO CUSTOMER (C_SSN, SEX,ACC_OPEN_DATE,AGE,ACC_NUMBER,DOB,CUST_ID,FNAME,MNAME,LNAME,PHONE_NUMBER,ROUTE_NUMBER,ADDRESS_CITY,ADDRESS_STATE,ADDRESS_STREET,ZIP_CODE)
VALUES (123456789, 'Male', TO_DATE('2022-01-01', 'YYYY-MM-DD'), 35, 10001, TO_DATE('1987-06-15', 'YYYY-MM-DD'), 1, 'John', 'A', 'Smith', 9801234567, 101, 'Los Angeles', 'CA', '456 Elm Street', '90001');
INSERT INTO CUSTOMER (C_SSN, SEX, ACC_OPEN_DATE, AGE, ACC_NUMBER, DOB, CUST_ID, FNAME, MNAME, LNAME, PHONE_NUMBER, ROUTE_NUMBER, ADDRESS_CITY, ADDRESS_STATE, ADDRESS_STREET, ZIP_CODE)
VALUES (234567890, 'Female', TO_DATE('2022-02-02', 'YYYY-MM-DD'), 28, 10002, TO_DATE('1994-08-24', 'YYYY-MM-DD'), 2, 'Emily', 'B', 'Johnson', 9801234568, 102, 'San Francisco', 'CA', '789 Pine Street', '94101');
INSERT INTO CUSTOMER (C_SSN, SEX, ACC_OPEN_DATE, AGE, ACC_NUMBER, DOB, CUST_ID, FNAME, MNAME, LNAME, PHONE_NUMBER, ROUTE_NUMBER, ADDRESS_CITY, ADDRESS_STATE, ADDRESS_STREET, ZIP_CODE)
VALUES (345678901, 'Male', TO_DATE('2022-03-03', 'YYYY-MM-DD'), 42, 10003, TO_DATE('1980-11-30', 'YYYY-MM-DD'), 3, 'Michael', 'C', 'Williams', 9801234569, 103, 'Chicago', 'IL', '123 Maple Avenue', '60601');
INSERT INTO CUSTOMER (C_SSN, SEX, ACC_OPEN_DATE, AGE, ACC_NUMBER, DOB, CUST_ID, FNAME, MNAME, LNAME, PHONE_NUMBER, ROUTE_NUMBER, ADDRESS_CITY, ADDRESS_STATE, ADDRESS_STREET, ZIP_CODE)
VALUES (456789012, 'Female', TO_DATE('2022-04-04', 'YYYY-MM-DD'), 30, 10004, TO_DATE('1992-04-05', 'YYYY-MM-DD'), 4, 'Sarah', 'D', 'Brown', 9801234570, 104, 'Miami', 'FL', '321 Oak Road', '33101');
INSERT INTO CUSTOMER (C_SSN, SEX, ACC_OPEN_DATE, AGE, ACC_NUMBER, DOB, CUST_ID, FNAME, MNAME, LNAME, PHONE_NUMBER, ROUTE_NUMBER, ADDRESS_CITY, ADDRESS_STATE, ADDRESS_STREET, ZIP_CODE)
VALUES (567890123, 'Male', TO_DATE('2022-05-05', 'YYYY-MM-DD'), 36, 10005, TO_DATE('1986-07-15', 'YYYY-MM-DD'), 5, 'David', 'E', 'Miller', 9801234571, 105, 'New York', 'NY', '654 Birch Lane', '10005');

SELECT * FROM CUSTOMER;
*/

CREATE TABLE CUSTOMER (
    C_SSN INT NOT NULL PRIMARY KEY,
    SEX VARCHAR(255),
    ACC_OPEN_DATE DATE,
    AGE INT,
    ACC_NUMBER INT,
    DOB DATE,
    PHONE_NUMBER INT,
    ROUTE_NUMBER INT,
    ZIP_CODE VARCHAR(250)
);

INSERT INTO CUSTOMER (C_SSN, SEX,ACC_OPEN_DATE,AGE,ACC_NUMBER,DOB,PHONE_NUMBER,ROUTE_NUMBER,ZIP_CODE)
VALUES (123456789, 'Male', TO_DATE('2022-01-01', 'YYYY-MM-DD'), 35, 10001, TO_DATE('1987-06-15', 'YYYY-MM-DD'), 9801234567, 101, '90001');
INSERT INTO CUSTOMER (C_SSN, SEX,ACC_OPEN_DATE,AGE,ACC_NUMBER,DOB,PHONE_NUMBER,ROUTE_NUMBER,ZIP_CODE)
VALUES (234567890, 'Female', TO_DATE('2022-02-02', 'YYYY-MM-DD'), 28, 10002, TO_DATE('1994-08-24', 'YYYY-MM-DD'), 9801234568, 102, '94101');
INSERT INTO CUSTOMER (C_SSN, SEX,ACC_OPEN_DATE,AGE,ACC_NUMBER,DOB,PHONE_NUMBER,ROUTE_NUMBER,ZIP_CODE)
VALUES (345678901, 'Male', TO_DATE('2022-03-03', 'YYYY-MM-DD'), 42, 10003, TO_DATE('1980-11-30', 'YYYY-MM-DD'), 9801234569, 103, '60601');
INSERT INTO CUSTOMER (C_SSN, SEX,ACC_OPEN_DATE,AGE,ACC_NUMBER,DOB,PHONE_NUMBER,ROUTE_NUMBER,ZIP_CODE)
VALUES (456789012, 'Female', TO_DATE('2022-04-04', 'YYYY-MM-DD'), 30, 10004, TO_DATE('1992-04-05', 'YYYY-MM-DD'), 9801234570, 104, '33101');
INSERT INTO CUSTOMER (C_SSN, SEX,ACC_OPEN_DATE,AGE,ACC_NUMBER,DOB,PHONE_NUMBER,ROUTE_NUMBER,ZIP_CODE)
VALUES (567890123, 'Male', TO_DATE('2022-05-05', 'YYYY-MM-DD'), 36, 10005, TO_DATE('1986-07-15', 'YYYY-MM-DD'),  9801234571, 105, '10005');

SELECT * FROM CUSTOMER;

CREATE TABLE CUSTOMER_NAME (
    C_SSN INT NOT NULL PRIMARY KEY,
    FNAME VARCHAR(255),
    MNAME VARCHAR(255),
    LNAME VARCHAR(255)
);

INSERT INTO CUSTOMER_NAME (C_SSN,FNAME,MNAME,LNAME)
VALUES (123456789, 'John', 'A', 'Smith');
INSERT INTO CUSTOMER_NAME (C_SSN,FNAME,MNAME,LNAME)
VALUES (234567890, 'Emily', 'B', 'Johnson');
INSERT INTO CUSTOMER_NAME (C_SSN,FNAME,MNAME,LNAME)
VALUES (345678901, 'Michael', 'C', 'Williams');
INSERT INTO CUSTOMER_NAME (C_SSN,FNAME,MNAME,LNAME)
VALUES (456789012, 'Sarah', 'D', 'Brown');
INSERT INTO CUSTOMER_NAME (C_SSN,FNAME,MNAME,LNAME)
VALUES (567890123, 'David', 'E', 'Miller');

SELECT * FROM CUSTOMER_NAME;

CREATE TABLE CUSTOMER_ADDRESS (
    C_SSN INT NOT NULL PRIMARY KEY,
    ADDRESS_CITY VARCHAR(255),
    ADDRESS_STATE VARCHAR(255),
    ADDRESS_STREET VARCHAR(800)
);

INSERT INTO CUSTOMER_ADDRESS (C_SSN,ADDRESS_CITY,ADDRESS_STATE,ADDRESS_STREET)
VALUES (123456789, 'Los Angeles', 'CA', '456 Elm Street');
INSERT INTO CUSTOMER_ADDRESS (C_SSN,ADDRESS_CITY,ADDRESS_STATE,ADDRESS_STREET)
VALUES (234567890,  'San Francisco', 'CA', '789 Pine Street');
INSERT INTO CUSTOMER_ADDRESS (C_SSN,ADDRESS_CITY,ADDRESS_STATE,ADDRESS_STREET)
VALUES (345678901,  'Chicago', 'IL', '123 Maple Avenue');
INSERT INTO CUSTOMER_ADDRESS (C_SSN,ADDRESS_CITY,ADDRESS_STATE,ADDRESS_STREET)
VALUES (456789012,  'Miami', 'FL', '321 Oak Road');
INSERT INTO CUSTOMER_ADDRESS (C_SSN,ADDRESS_CITY,ADDRESS_STATE,ADDRESS_STREET)
VALUES (567890123,  'New York', 'NY', '654 Birch Lane');

SELECT * FROM CUSTOMER_ADDRESS;

/*CREATE TABLE BRANCH (
    BRANCH_ID INT PRIMARY KEY,
    BRANCH_NAME VARCHAR(255),
    NO_OF_EMPLOYEES INT,
    BR_ROUTE_NUMBER INT NOT NULL,
    BRANCH_MANAGER VARCHAR(255),
    ADDRESS_CITY VARCHAR(255),
    ADDRESS_STATE VARCHAR(255),
    ADDRESS_STREET VARCHAR(255),
    ADDRESS_PINCODE INT,
    BANK_ID INT,
    C_SSN INT,
    FOREIGN KEY (BANK_ID) REFERENCES BANK(BANK_ID),
    FOREIGN KEY (C_SSN) REFERENCES CUSTOMER(C_SSN)
);

INSERT INTO BRANCH (BRANCH_ID, BRANCH_NAME, NO_OF_EMPLOYEES, BR_ROUTE_NUMBER, BRANCH_MANAGER, ADDRESS_CITY, ADDRESS_STATE, ADDRESS_STREET, ADDRESS_PINCODE, BANK_ID, C_SSN)
VALUES (1, 'Downtown Branch', 50, 101, 'John Smith', 'Los Angeles', 'CA', '456 Elm Street', 90001, 3, 123456789);
INSERT INTO BRANCH (BRANCH_ID, BRANCH_NAME, NO_OF_EMPLOYEES, BR_ROUTE_NUMBER, BRANCH_MANAGER, ADDRESS_CITY, ADDRESS_STATE, ADDRESS_STREET, ADDRESS_PINCODE, BANK_ID, C_SSN)
VALUES (2, 'Uptown Branch', 40, 102, 'Emily Johnson', 'San Francisco', 'CA', '789 Pine Street', 94101, 2, 234567890);

INSERT INTO BRANCH (BRANCH_ID, BRANCH_NAME, NO_OF_EMPLOYEES, BR_ROUTE_NUMBER, BRANCH_MANAGER, ADDRESS_CITY, ADDRESS_STATE, ADDRESS_STREET, ADDRESS_PINCODE, BANK_ID, C_SSN)
VALUES (3, 'Midtown Branch', 45, 103, 'Michael Williams', 'Chicago', 'IL', '123 Maple Avenue', 60601, 3, 345678901);

INSERT INTO BRANCH (BRANCH_ID, BRANCH_NAME, NO_OF_EMPLOYEES, BR_ROUTE_NUMBER, BRANCH_MANAGER, ADDRESS_CITY, ADDRESS_STATE, ADDRESS_STREET, ADDRESS_PINCODE, BANK_ID, C_SSN)
VALUES (4, 'Westside Branch', 35, 104, 'Sarah Brown', 'Miami', 'FL', '321 Oak Road', 33101, 4, 456789012);

INSERT INTO BRANCH (BRANCH_ID, BRANCH_NAME, NO_OF_EMPLOYEES, BR_ROUTE_NUMBER, BRANCH_MANAGER, ADDRESS_CITY, ADDRESS_STATE, ADDRESS_STREET, ADDRESS_PINCODE, BANK_ID, C_SSN)
            VALUES (5, 'Eastside Branch', 30, 105, 'David Miller', 'New York', 'NY', '654 Birch Lane', 10005, 5, 567890123);



SELECT * FROM BRANCH;
*/

CREATE TABLE BRANCH (
    BRANCH_ID INT PRIMARY KEY,
    BRANCH_NAME VARCHAR(255),
    NO_OF_EMPLOYEES INT,
    BR_ROUTE_NUMBER INT NOT NULL,
    BRANCH_MANAGER VARCHAR(255),
    ADDRESS_CITY VARCHAR(255),
    ADDRESS_STATE VARCHAR(255),
    ADDRESS_STREET VARCHAR(255),
    ADDRESS_PINCODE INT,
    BANK_ID INT,
    FOREIGN KEY (BANK_ID) REFERENCES BANK(BANK_ID)
);

INSERT INTO BRANCH (BRANCH_ID, BRANCH_NAME, NO_OF_EMPLOYEES, BR_ROUTE_NUMBER, BRANCH_MANAGER, ADDRESS_CITY, ADDRESS_STATE, ADDRESS_STREET, ADDRESS_PINCODE, BANK_ID)
VALUES (1, 'Downtown Branch', 50, 101, 'John Smith', 'Los Angeles', 'CA', '456 Elm Street', 90001, 1);
INSERT INTO BRANCH (BRANCH_ID, BRANCH_NAME, NO_OF_EMPLOYEES, BR_ROUTE_NUMBER, BRANCH_MANAGER, ADDRESS_CITY, ADDRESS_STATE, ADDRESS_STREET, ADDRESS_PINCODE, BANK_ID)
VALUES (2, 'Uptown Branch', 40, 102, 'Emily Johnson', 'San Francisco', 'CA', '789 Pine Street', 94101, 2);

INSERT INTO BRANCH (BRANCH_ID, BRANCH_NAME, NO_OF_EMPLOYEES, BR_ROUTE_NUMBER, BRANCH_MANAGER, ADDRESS_CITY, ADDRESS_STATE, ADDRESS_STREET, ADDRESS_PINCODE, BANK_ID)
VALUES (3, 'Midtown Branch', 45, 103, 'Michael Williams', 'Chicago', 'IL', '123 Maple Avenue', 60601, 3);

INSERT INTO BRANCH (BRANCH_ID, BRANCH_NAME, NO_OF_EMPLOYEES, BR_ROUTE_NUMBER, BRANCH_MANAGER, ADDRESS_CITY, ADDRESS_STATE, ADDRESS_STREET, ADDRESS_PINCODE, BANK_ID)
VALUES (4, 'Westside Branch', 35, 104, 'Sarah Brown', 'Miami', 'FL', '321 Oak Road', 33101, 4);

INSERT INTO BRANCH (BRANCH_ID, BRANCH_NAME, NO_OF_EMPLOYEES, BR_ROUTE_NUMBER, BRANCH_MANAGER, ADDRESS_CITY, ADDRESS_STATE, ADDRESS_STREET, ADDRESS_PINCODE, BANK_ID)
            VALUES (5, 'Eastside Branch', 30, 105, 'David Miller', 'New York', 'NY', '654 Birch Lane', 10005, 5);

SELECT * FROM BRANCH;

CREATE TABLE BRANCH_CUSTOMER (
    BRANCH_ID INT PRIMARY KEY,
    C_SSN INT,
    FOREIGN KEY (C_SSN) REFERENCES CUSTOMER(C_SSN)
);

INSERT INTO BRANCH_CUSTOMER (BRANCH_ID, C_SSN)
VALUES (1, 123456789);
INSERT INTO BRANCH_CUSTOMER (BRANCH_ID, C_SSN)
VALUES (2, 234567890);
INSERT INTO BRANCH_CUSTOMER (BRANCH_ID, C_SSN)
VALUES (3, 345678901);
INSERT INTO BRANCH_CUSTOMER (BRANCH_ID, C_SSN)
VALUES (4, 456789012);
INSERT INTO BRANCH_CUSTOMER (BRANCH_ID, C_SSN)
VALUES (5, 567890123);

SELECT * FROM BRANCH_CUSTOMER;

CREATE TABLE TRANSACTION (
    TRANS_NUMBER INT NOT NULL PRIMARY KEY,
    CHARGES DECIMAL(10,2) DEFAULT 0.00,
    CATEGORY_WITHDRAWAL CHAR(1) NOT NULL,
    CATEGORY_DEPOSIT CHAR(1) NOT NULL,
    NO_OF_INSTALLMENTS INT,
    TRANS_DATE TIMESTAMP,
    AMOUNT DECIMAL(10,2) DEFAULT 0.00,
    TRANS_ACCOUNT_BALANCE DECIMAL(10,2) DEFAULT 0.00,
    ACCOUNT_NUMBER INT,
    FOREIGN KEY (ACCOUNT_NUMBER) REFERENCES ACCOUNT(ACCOUNT_NUMBER),
    CHECK(CATEGORY_WITHDRAWAL IN('Y','N')),
    CHECK(CATEGORY_DEPOSIT IN('Y','N'))
);

INSERT INTO TRANSACTION (TRANS_NUMBER, CHARGES, CATEGORY_WITHDRAWAL, CATEGORY_DEPOSIT, NO_OF_INSTALLMENTS, TRANS_DATE, AMOUNT, TRANS_ACCOUNT_BALANCE, ACCOUNT_NUMBER)
VALUES (1, 15.00, 'N', 'Y', NULL, CURRENT_TIMESTAMP, 200.00, 15200.00, 10001);
INSERT INTO TRANSACTION (TRANS_NUMBER, CHARGES, CATEGORY_WITHDRAWAL, CATEGORY_DEPOSIT, NO_OF_INSTALLMENTS, TRANS_DATE, AMOUNT, TRANS_ACCOUNT_BALANCE, ACCOUNT_NUMBER)
VALUES (2, 25.00, 'Y', 'N', NULL, CURRENT_TIMESTAMP, 300.00, 19700.00, 10008);
INSERT INTO TRANSACTION (TRANS_NUMBER, CHARGES, CATEGORY_WITHDRAWAL, CATEGORY_DEPOSIT, NO_OF_INSTALLMENTS, TRANS_DATE, AMOUNT, TRANS_ACCOUNT_BALANCE, ACCOUNT_NUMBER)
VALUES (3, 0.00, 'N', 'Y', 10, CURRENT_TIMESTAMP, 1500.00, 31500.00, 10013);
INSERT INTO TRANSACTION (TRANS_NUMBER, CHARGES, CATEGORY_WITHDRAWAL, CATEGORY_DEPOSIT, NO_OF_INSTALLMENTS, TRANS_DATE, AMOUNT, TRANS_ACCOUNT_BALANCE, ACCOUNT_NUMBER)
VALUES (4, 100.00, 'Y', 'N', NULL, CURRENT_TIMESTAMP, 5000.00, 35000.00, 10014);
INSERT INTO TRANSACTION (TRANS_NUMBER, CHARGES, CATEGORY_WITHDRAWAL, CATEGORY_DEPOSIT, NO_OF_INSTALLMENTS, TRANS_DATE, AMOUNT, TRANS_ACCOUNT_BALANCE, ACCOUNT_NUMBER)
VALUES (5, 50.00, 'N', 'Y', NULL, CURRENT_TIMESTAMP, 2500.00, 52500.00, 10015);

SELECT * FROM TRANSACTION;


CREATE TABLE HAS_ACCOUNT (
    C_SSN INT,
    BRANCH_ID INT,
    FOREIGN KEY (C_SSN) REFERENCES CUSTOMER(C_SSN),
    FOREIGN KEY (BRANCH_ID) REFERENCES BRANCH(BRANCH_ID)
);

INSERT INTO has_account(C_SSN,BRANCH_ID)
VALUES(567890123,1);
INSERT INTO has_account(C_SSN,BRANCH_ID)
VALUES(456789012,3);
INSERT INTO has_account(C_SSN,BRANCH_ID)
VALUES(123456789,3);
INSERT INTO has_account(C_SSN,BRANCH_ID)
VALUES(345678901,2);
INSERT INTO has_account(C_SSN,BRANCH_ID)
VALUES(234567890,1);

SELECT * FROM HAS_ACCOUNT;

CREATE TABLE HAS (
    EMP_SSN INT,
    PERSONAL_BANKER VARCHAR(255),
    C_SSN INT,
    FOREIGN KEY (EMP_SSN) REFERENCES Employee(EMP_SSN),
    FOREIGN KEY (C_SSN) REFERENCES CUSTOMER(C_SSN)
);

INSERT INTO HAS (EMP_SSN, PERSONAL_BANKER, C_SSN)
VALUES (113399775, 'John Smith', 123456789);

INSERT INTO HAS (EMP_SSN, PERSONAL_BANKER, C_SSN)
VALUES (98123645, 'Emily Johnson', 234567890);

INSERT INTO HAS (EMP_SSN, PERSONAL_BANKER, C_SSN)
VALUES (98123645, 'Michael Williams', 345678901);

INSERT INTO HAS (EMP_SSN, PERSONAL_BANKER, C_SSN)
VALUES (112299885, 'Sarah Brown', 456789012);

INSERT INTO HAS (EMP_SSN, PERSONAL_BANKER, C_SSN)
VALUES (1029384756, 'David Miller', 567890123);


SELECT * FROM HAS;

CREATE TABLE DEPENDENT (
    DEPENDENT_ID INT PRIMARY KEY,
    GENDER CHAR(10),
    DOB DATE,
    DEPENDENTNAME VARCHAR(255) NOT NULL,
    RELATIONSHIP VARCHAR(90),
    EMP_SSN INT,
    FOREIGN KEY (EMP_SSN) REFERENCES EMPLOYEE(EMP_SSN)
);

INSERT INTO DEPENDENT (DEPENDENT_ID, GENDER, DOB, DEPENDENTNAME, RELATIONSHIP, EMP_SSN)
VALUES (811, 'Female', TO_DATE('2010-05-12', 'YYYY-MM-DD'), 'Alice Smith', 'Daughter', 112299885);

INSERT INTO DEPENDENT (DEPENDENT_ID, GENDER, DOB, DEPENDENTNAME, RELATIONSHIP, EMP_SSN)
VALUES (223, 'Male', TO_DATE('2012-08-22', 'YYYY-MM-DD'), 'Bob Johnson', 'Son', 112299885);

INSERT INTO DEPENDENT (DEPENDENT_ID, GENDER, DOB, DEPENDENTNAME, RELATIONSHIP, EMP_SSN)
VALUES (333, 'Female', TO_DATE('1985-01-15', 'YYYY-MM-DD'), 'Cathy Williams', 'Spouse', 112299885);

INSERT INTO DEPENDENT (DEPENDENT_ID, GENDER, DOB, DEPENDENTNAME, RELATIONSHIP, EMP_SSN)
VALUES (44, 'Male', TO_DATE('2018-03-29', 'YYYY-MM-DD'), 'David Brown', 'Son', 98123645);

INSERT INTO DEPENDENT (DEPENDENT_ID, GENDER, DOB, DEPENDENTNAME, RELATIONSHIP, EMP_SSN)
VALUES (5, 'Female', TO_DATE('2013-11-01', 'YYYY-MM-DD'), 'Evelyn Miller', 'Daughter', 1029384756);

SELECT * FROM DEPENDENT;


/*CREATE TABLE EMPLOYEE (
    EMP_SSN INT NOT NULL PRIMARY KEY,
    EMP_SEX VARCHAR(255),
    JOB_START_DATE DATE,
    EMP_ID INT NOT NULL UNIQUE,
    EMP_DOB DATE NOT NULL,
    EMP_EXP INT,
    EMP_DEPARTMENT VARCHAR(200),
    EMP_FNAME VARCHAR(255) NOT NULL,
    EMP_MNAME VARCHAR(255),
    EMP_LNAME VARCHAR(255) NOT NULL,
    EMP_PH_NUMBER INT NOT NULL UNIQUE,
    EMP_SALARY INT,
    EMP_JOBTITLE VARCHAR(255),
    EMP_ADDRESS_CITY VARCHAR(255),
    EMP_ADDRESS_STATE VARCHAR(255),
    EMP_ADDRESS_STREET VARCHAR(255),
    EMP_ADDRESS_PINCODE INT,
    MANAGER VARCHAR(225),
    ASST_MANAGER VARCHAR(255),
    PERSONAL_BANKER VARCHAR(255),
    C_SSN INT,
    BRANCH_ID INT, 
    FOREIGN KEY (BRANCH_ID) REFERENCES BRANCH(BRANCH_ID),
    FOREIGN KEY (C_SSN) REFERENCES CUSTOMER(C_SSN)
);

INSERT INTO EMPLOYEE (EMP_SSN, EMP_SEX, JOB_START_DATE, EMP_ID, EMP_DOB, EMP_EXP, EMP_DEPARTMENT, EMP_FNAME, EMP_MNAME, EMP_LNAME, EMP_PH_NUMBER, EMP_SALARY, EMP_JOBTITLE, EMP_ADDRESS_CITY, EMP_ADDRESS_STATE, EMP_ADDRESS_STREET, EMP_ADDRESS_PINCODE, MANAGER, ASST_MANAGER, PERSONAL_BANKER, C_SSN, BRANCH_ID)
VALUES (1029384756, 'Male',TO_DATE( '2021-06-01','YYYY-MM-DD'), 1, TO_DATE('1984-07-15','YYYY-MM-DD'), 5, 'Finance', 'John', 'A', 'Smith', 9801234567, 70000, 'Accountant', 'Los Angeles', 'CA', '456 Elm Street', 90001, 'Jane Doe', 'Emily Johnson', 'Michael Williams', 123456789, 1);

INSERT INTO EMPLOYEE (EMP_SSN, EMP_SEX, JOB_START_DATE, EMP_ID, EMP_DOB, EMP_EXP, EMP_DEPARTMENT, EMP_FNAME, EMP_MNAME, EMP_LNAME, EMP_PH_NUMBER, EMP_SALARY, EMP_JOBTITLE, EMP_ADDRESS_CITY, EMP_ADDRESS_STATE, EMP_ADDRESS_STREET, EMP_ADDRESS_PINCODE, MANAGER, ASST_MANAGER, PERSONAL_BANKER, C_SSN, BRANCH_ID)
VALUES (098123645, 'Female',TO_DATE( '2021-07-01','YYYY-MM-DD'), 2,TO_DATE( '1990-08-22','YYYY-MM-DD'), 3, 'IT', 'Emily', 'B', 'Johnson', 9801234568, 80000, 'IT Specialist', 'San Francisco', 'CA', '789 Pine Street', 94101, 'John Smith', 'Sarah Brown', 'David Miller', 234567890, 2);

INSERT INTO EMPLOYEE (EMP_SSN, EMP_SEX, JOB_START_DATE, EMP_ID, EMP_DOB, EMP_EXP, EMP_DEPARTMENT, EMP_FNAME, EMP_MNAME, EMP_LNAME, EMP_PH_NUMBER, EMP_SALARY, EMP_JOBTITLE, EMP_ADDRESS_CITY, EMP_ADDRESS_STATE, EMP_ADDRESS_STREET, EMP_ADDRESS_PINCODE, MANAGER, ASST_MANAGER, PERSONAL_BANKER, C_SSN, BRANCH_ID)
VALUES (112299885, 'Male', TO_DATE('2021-08-01','YYYY-MM-DD'), 3, TO_DATE('1980-11-30','YYYY-MM-DD'), 10, 'Customer Service', 'Michael', 'C', 'Williams', 9801234569, 60000, 'Customer Service Manager', 'Chicago', 'IL', '123 Maple Avenue', 60601, 'Emily Johnson', 'John Smith', 'Jane Doe', 345678901, 3);

INSERT INTO EMPLOYEE (EMP_SSN, EMP_SEX, JOB_START_DATE, EMP_ID, EMP_DOB, EMP_EXP, EMP_DEPARTMENT, EMP_FNAME, EMP_MNAME, EMP_LNAME, EMP_PH_NUMBER, EMP_SALARY, EMP_JOBTITLE, EMP_ADDRESS_CITY, EMP_ADDRESS_STATE, EMP_ADDRESS_STREET, EMP_ADDRESS_PINCODE, MANAGER, ASST_MANAGER, PERSONAL_BANKER, C_SSN, BRANCH_ID)
VALUES (113399775, 'Female', TO_DATE('2021-09-01','YYYY-MM-DD'), 4, TO_DATE('1992-04-05','YYYY-MM-DD'), 2, 'Marketing', 'Sarah', 'D', 'Brown', 9801234570, 65000, 'Marketing Director', 'Miami', 'FL', '321 Oak Road', 33101, 'Michael Williams', 'Emily Johnson', 'John Smith', 456789012, 4);

INSERT INTO EMPLOYEE (EMP_SSN, EMP_SEX, JOB_START_DATE, EMP_ID, EMP_DOB, EMP_EXP, EMP_DEPARTMENT, EMP_FNAME, EMP_MNAME, EMP_LNAME, EMP_PH_NUMBER, EMP_SALARY, EMP_JOBTITLE, EMP_ADDRESS_CITY, EMP_ADDRESS_STATE, EMP_ADDRESS_STREET, EMP_ADDRESS_PINCODE, MANAGER, ASST_MANAGER, PERSONAL_BANKER, C_SSN, BRANCH_ID)
VALUES (224466880, 'Male',TO_DATE( '2021-10-01','YYYY-MM-DD'), 5, TO_DATE('1986-07-15','YYYY-MM-DD'), 7, 'Operations', 'David', 'E', 'Miller', 9801234571, 75000, 'Operations Manager', 'New York', 'NY', '654 Birch Lane', 10005, 'Sarah Brown', 'John Smith', 'Emily Johnson', 567890123, 5);

SELECT * FROM EMPLOYEE;
*/

CREATE TABLE EMPLOYEE (
    EMP_SSN INT NOT NULL PRIMARY KEY,
    EMP_SEX VARCHAR(255),
    JOB_START_DATE DATE,
    EMP_ID INT NOT NULL UNIQUE,
    EMP_DOB DATE NOT NULL,
    EMP_EXP INT,
    EMP_DEPARTMENT VARCHAR(200),
    EMP_FNAME VARCHAR(255) NOT NULL,
    EMP_MNAME VARCHAR(255),
    EMP_LNAME VARCHAR(255) NOT NULL,
    EMP_PH_NUMBER INT NOT NULL UNIQUE,
    EMP_SALARY INT,
    EMP_JOBTITLE VARCHAR(255),
    EMP_ADDRESS_CITY VARCHAR(255),
    EMP_ADDRESS_STATE VARCHAR(255),
    EMP_ADDRESS_STREET VARCHAR(255),
    EMP_ADDRESS_PINCODE INT,
    C_SSN INT,
    BRANCH_ID INT,
    FOREIGN KEY (BRANCH_ID) REFERENCES BRANCH(BRANCH_ID),
    FOREIGN KEY (C_SSN) REFERENCES CUSTOMER(C_SSN)
);

INSERT INTO EMPLOYEE (EMP_SSN, EMP_SEX, JOB_START_DATE, EMP_ID, EMP_DOB, EMP_EXP, EMP_DEPARTMENT, EMP_FNAME, EMP_MNAME, EMP_LNAME, EMP_PH_NUMBER, EMP_SALARY, EMP_JOBTITLE, EMP_ADDRESS_CITY, EMP_ADDRESS_STATE, EMP_ADDRESS_STREET, EMP_ADDRESS_PINCODE, C_SSN, BRANCH_ID)
VALUES (1029384756, 'Male',TO_DATE( '2021-06-01','YYYY-MM-DD'), 1, TO_DATE('1984-07-15','YYYY-MM-DD'), 5, 'Finance', 'John', 'A', 'Smith', 9801234567, 70000, 'Accountant', 'Los Angeles', 'CA', '456 Elm Street', 90001, 123456789, 1);

INSERT INTO EMPLOYEE (EMP_SSN, EMP_SEX, JOB_START_DATE, EMP_ID, EMP_DOB, EMP_EXP, EMP_DEPARTMENT, EMP_FNAME, EMP_MNAME, EMP_LNAME, EMP_PH_NUMBER, EMP_SALARY, EMP_JOBTITLE, EMP_ADDRESS_CITY, EMP_ADDRESS_STATE, EMP_ADDRESS_STREET, EMP_ADDRESS_PINCODE, C_SSN, BRANCH_ID)
VALUES (098123645, 'Female',TO_DATE( '2021-07-01','YYYY-MM-DD'), 2,TO_DATE( '1990-08-22','YYYY-MM-DD'), 3, 'IT', 'Emily', 'B', 'Johnson', 9801234568, 80000, 'IT Specialist', 'San Francisco', 'CA', '789 Pine Street', 94101, 234567890, 2);

INSERT INTO EMPLOYEE (EMP_SSN, EMP_SEX, JOB_START_DATE, EMP_ID, EMP_DOB, EMP_EXP, EMP_DEPARTMENT, EMP_FNAME, EMP_MNAME, EMP_LNAME, EMP_PH_NUMBER, EMP_SALARY, EMP_JOBTITLE, EMP_ADDRESS_CITY, EMP_ADDRESS_STATE, EMP_ADDRESS_STREET, EMP_ADDRESS_PINCODE, C_SSN, BRANCH_ID)
VALUES (112299885, 'Male', TO_DATE('2021-08-01','YYYY-MM-DD'), 3, TO_DATE('1980-11-30','YYYY-MM-DD'), 10, 'Customer Service', 'Michael', 'C', 'Williams', 9801234569, 60000, 'Customer Service Manager', 'Chicago', 'IL', '123 Maple Avenue', 60601, 345678901, 3);

INSERT INTO EMPLOYEE (EMP_SSN, EMP_SEX, JOB_START_DATE, EMP_ID, EMP_DOB, EMP_EXP, EMP_DEPARTMENT, EMP_FNAME, EMP_MNAME, EMP_LNAME, EMP_PH_NUMBER, EMP_SALARY, EMP_JOBTITLE, EMP_ADDRESS_CITY, EMP_ADDRESS_STATE, EMP_ADDRESS_STREET, EMP_ADDRESS_PINCODE, C_SSN, BRANCH_ID)
VALUES (113399775, 'Female', TO_DATE('2021-09-01','YYYY-MM-DD'), 4, TO_DATE('1992-04-05','YYYY-MM-DD'), 2, 'Marketing', 'Sarah', 'D', 'Brown', 9801234570, 65000, 'Marketing Director', 'Miami', 'FL', '321 Oak Road', 33101, 456789012, 4);

INSERT INTO EMPLOYEE (EMP_SSN, EMP_SEX, JOB_START_DATE, EMP_ID, EMP_DOB, EMP_EXP, EMP_DEPARTMENT, EMP_FNAME, EMP_MNAME, EMP_LNAME, EMP_PH_NUMBER, EMP_SALARY, EMP_JOBTITLE, EMP_ADDRESS_CITY, EMP_ADDRESS_STATE, EMP_ADDRESS_STREET, EMP_ADDRESS_PINCODE, C_SSN, BRANCH_ID)
VALUES (224466880, 'Male',TO_DATE( '2021-10-01','YYYY-MM-DD'), 5, TO_DATE('1986-07-15','YYYY-MM-DD'), 7, 'Operations', 'David', 'E', 'Miller', 9801234571, 75000, 'Operations Manager', 'New York', 'NY', '654 Birch Lane', 10005, 567890123, 5);

SELECT * FROM EMPLOYEE;

CREATE TABLE EMPLOYEE_RELATIONSHIPS (
    EMP_SSN INT PRIMARY KEY,
    MANAGER VARCHAR(225),
    ASST_MANAGER VARCHAR(255),
    PERSONAL_BANKER VARCHAR(255),
    FOREIGN KEY (EMP_SSN) REFERENCES EMPLOYEE(EMP_SSN)
);

INSERT INTO EMPLOYEE_RELATIONSHIPS (EMP_SSN, MANAGER, ASST_MANAGER, PERSONAL_BANKER)
VALUES (1029384756, 'Jane Doe', 'Emily Johnson', 'Michael Williams');

INSERT INTO EMPLOYEE_RELATIONSHIPS (EMP_SSN, MANAGER, ASST_MANAGER, PERSONAL_BANKER)
VALUES (098123645, 'John Smith', 'Sarah Brown', 'David Miller');

INSERT INTO EMPLOYEE_RELATIONSHIPS (EMP_SSN, MANAGER, ASST_MANAGER, PERSONAL_BANKER)
VALUES (112299885, 'Emily Johnson', 'John Smith', 'Jane Doe');

INSERT INTO EMPLOYEE_RELATIONSHIPS (EMP_SSN, MANAGER, ASST_MANAGER, PERSONAL_BANKER)
VALUES (113399775, 'Michael Williams', 'Emily Johnson', 'John Smith');

INSERT INTO EMPLOYEE_RELATIONSHIPS (EMP_SSN, MANAGER, ASST_MANAGER, PERSONAL_BANKER)
VALUES (224466880, 'Sarah Brown', 'John Smith', 'Emily Johnson');

SELECT * FROM EMPLOYEE_RELATIONSHIPS;

/*CREATE TABLE ACCOUNT (
ACCOUNT_NUMBER INT NOT NULL PRIMARY KEY, ACCOUNT_BALANCE DECIMAL(10,2), ROUTE_NUMBER INT NOT NULL, ACCOUNT_OPEN_DATE DATE,
ACCOUNT_TYPE VARCHAR(255) CHECK(ACCOUNT_TYPE IN ('Saving', 'Checking', 'Loan', 'Invest')), C_SSN INT,
ROI DECIMAL(4,2) NOT NULL CHECK(ROI>=0), EMI DECIMAL(4,2) NOT NULL CHECK(EMI>=0), INVEST_INTEREST DECIMAL(4,2),
FOREIGN KEY (C_SSN) REFERENCES CUSTOMER(C_SSN)
);
INSERT INTO ACCOUNT (ACCOUNT_NUMBER, ACCOUNT_BALANCE, ROUTE_NUMBER, ACCOUNT_OPEN_DATE, ACCOUNT_TYPE, C_SSN, ROI, EMI, INVEST_INTEREST) VALUES (10001, 15000.00, 101, TO_DATE('2023-01-01', 'YYYY-MM-DD'), 'Saving', 123456789, 0.05, 0.00, 0.00);
INSERT INTO ACCOUNT (ACCOUNT_NUMBER, ACCOUNT_BALANCE, ROUTE_NUMBER, ACCOUNT_OPEN_DATE, ACCOUNT_TYPE, C_SSN, ROI, EMI, INVEST_INTEREST) VALUES (10008, 20000.00, 112, TO_DATE('2023-01-01', 'YYYY-MM-DD'), 'Checking', 234567890, 0.00, 0.10, 0.00);
INSERT INTO ACCOUNT (ACCOUNT_NUMBER, ACCOUNT_BALANCE, ROUTE_NUMBER, ACCOUNT_OPEN_DATE, ACCOUNT_TYPE, C_SSN, ROI, EMI, INVEST_INTEREST) VALUES (10013, 30000.00, 113, TO_DATE('2023-03-01', 'YYYY-MM-DD'), 'Loan', 345678901, 0.00, 05.00, 0.00);
INSERT INTO ACCOUNT (ACCOUNT_NUMBER, ACCOUNT_BALANCE, ROUTE_NUMBER, ACCOUNT_OPEN_DATE, ACCOUNT_TYPE, C_SSN, ROI, EMI, INVEST_INTEREST) VALUES (10014, 40000.00, 114, TO_DATE('2023-04-01', 'YYYY-MM-DD'), 'Invest', 456789012, 0.00, 0.00, 0.07);
INSERT INTO ACCOUNT (ACCOUNT_NUMBER, ACCOUNT_BALANCE, ROUTE_NUMBER, ACCOUNT_OPEN_DATE, ACCOUNT_TYPE, C_SSN, ROI, EMI, INVEST_INTEREST) VALUES (10015, 50000.00, 115, TO_DATE('2023-05-01', 'YYYY-MM-DD'), 'Saving', 567890123, 0.03, 0.00, 0.00);
*/

CREATE TABLE ACCOUNT (
    ACCOUNT_NUMBER INT NOT NULL PRIMARY KEY,
    ACCOUNT_BALANCE DECIMAL(10,2),
    ROUTE_NUMBER INT NOT NULL,
    ACCOUNT_OPEN_DATE DATE,
    C_SSN INT,
    FOREIGN KEY (C_SSN) REFERENCES CUSTOMER(C_SSN)
);

INSERT INTO ACCOUNT (ACCOUNT_NUMBER, ACCOUNT_BALANCE, ROUTE_NUMBER, ACCOUNT_OPEN_DATE, C_SSN)
VALUES (10001, 15000.00, 101, TO_DATE('2023-01-01', 'YYYY-MM-DD'), 123456789);
INSERT INTO ACCOUNT (ACCOUNT_NUMBER, ACCOUNT_BALANCE, ROUTE_NUMBER, ACCOUNT_OPEN_DATE, C_SSN)
VALUES (10008, 20000.00, 112, TO_DATE('2023-01-01', 'YYYY-MM-DD'), 234567890);
INSERT INTO ACCOUNT (ACCOUNT_NUMBER, ACCOUNT_BALANCE, ROUTE_NUMBER, ACCOUNT_OPEN_DATE, C_SSN)
VALUES (10013, 30000.00, 113, TO_DATE('2023-03-01', 'YYYY-MM-DD'), 345678901);
INSERT INTO ACCOUNT (ACCOUNT_NUMBER, ACCOUNT_BALANCE, ROUTE_NUMBER, ACCOUNT_OPEN_DATE, C_SSN)
VALUES (10014, 40000.00, 114, TO_DATE('2023-04-01', 'YYYY-MM-DD'), 456789012);
INSERT INTO ACCOUNT (ACCOUNT_NUMBER, ACCOUNT_BALANCE, ROUTE_NUMBER, ACCOUNT_OPEN_DATE, C_SSN)
VALUES (10015, 50000.00, 115, TO_DATE('2023-05-01', 'YYYY-MM-DD'), 567890123);

SELECT * FROM ACCOUNT;

CREATE TABLE ACCOUNT_TYPE (
    ACCOUNT_NUMBER INT NOT NULL PRIMARY KEY,
    C_SSN INT,
    ACCOUNT_TYPE VARCHAR(255) CHECK(ACCOUNT_TYPE IN ('Saving', 'Checking', 'Loan', 'Invest')),
    FOREIGN KEY (C_SSN) REFERENCES CUSTOMER(C_SSN)
);

INSERT INTO ACCOUNT_TYPE (ACCOUNT_NUMBER, C_SSN, ACCOUNT_TYPE)
VALUES (10001, 123456789, 'Saving');
INSERT INTO ACCOUNT_TYPE (ACCOUNT_NUMBER, C_SSN, ACCOUNT_TYPE)
VALUES (10008, 234567890, 'Checking');
INSERT INTO ACCOUNT_TYPE (ACCOUNT_NUMBER, C_SSN, ACCOUNT_TYPE)
VALUES (10013, 345678901, 'Loan');
INSERT INTO ACCOUNT_TYPE (ACCOUNT_NUMBER, C_SSN, ACCOUNT_TYPE)
VALUES (10014, 456789012, 'Invest');
INSERT INTO ACCOUNT_TYPE (ACCOUNT_NUMBER, C_SSN, ACCOUNT_TYPE)
VALUES (10015, 567890123, 'Saving');

SELECT * FROM ACCOUNT_TYPE;

CREATE TABLE ACCOUNT_FINANCIAL (
    ACCOUNT_NUMBER INT NOT NULL PRIMARY KEY,
    C_SSN INT,
    ROI DECIMAL(4,2) NOT NULL CHECK(ROI>=0),
    EMI DECIMAL(4,2) NOT NULL CHECK(EMI>=0),
    INVEST_INTEREST DECIMAL(4,2),
    FOREIGN KEY (C_SSN) REFERENCES CUSTOMER(C_SSN)
);

INSERT INTO ACCOUNT_FINANCIAL (ACCOUNT_NUMBER, C_SSN, ROI, EMI, INVEST_INTEREST)
VALUES (10001, 123456789, 0.05, 0, 0);
INSERT INTO ACCOUNT_FINANCIAL (ACCOUNT_NUMBER, C_SSN, ROI, EMI, INVEST_INTEREST)
VALUES (10008, 234567890, 0, 0.1, 0);
INSERT INTO ACCOUNT_FINANCIAL (ACCOUNT_NUMBER, C_SSN, ROI, EMI, INVEST_INTEREST)
VALUES (10013, 345678901, 0, 5, 0);
INSERT INTO ACCOUNT_FINANCIAL (ACCOUNT_NUMBER, C_SSN, ROI, EMI, INVEST_INTEREST)
VALUES (10014, 456789012, 0, 0, 0.07);
INSERT INTO ACCOUNT_FINANCIAL (ACCOUNT_NUMBER, C_SSN, ROI, EMI, INVEST_INTEREST)
VALUES (10015, 567890123, 0.03, 0, 0);

SELECT * FROM ACCOUNT_FINANCIAL;

/*UPDATE CUSTOMER
SET SEX = 'MALE'
WHERE C_SSN = 234567890;

SELECT * FROM ACCOUNT;

UPDATE ACCOUNT
SET ACCOUNT_BALANCE = 1234
WHERE C_SSN =234567890;

-- This query counts the number of employees in each department.
SELECT EMP_DEPARTMENT, COUNT(*) AS EMPLOYEE_COUNT
FROM EMPLOYEE
GROUP BY EMP_DEPARTMENT;

-- This query finds departments with more than 5 employees.
SELECT EMP_SEX, COUNT(*) AS EMPLOYEE_COUNT
FROM EMPLOYEE
GROUP BY EMP_SEX
HAVING COUNT(*) > 1;



-- This query finds employees who have the highest salary .
SELECT *
FROM EMPLOYEE
WHERE EMP_SALARY >= ALL (SELECT EMP_SALARY FROM EMPLOYEE);

UPDATE HAS
SET PERSONAL_BANKER = 'Carolina Herrera'
WHERE EMP_SSN = 112299885;

UPDATE HAS
SET PERSONAL_BANKER = 'Carolina Herrera'
WHERE EMP_SSN = 112299885;

DELETE FROM BANK WHERE bank_id=1;

ALTER TABLE BANK
MODIFY BANK_ID INT NOT NULL;


SELECT * FROM bank;
*/